id,x1,y1,x2,y2,x3,y3,x4,y4,x5,y5,x6,y6,x7,y7,x8,y8,x9,y9,x10,y10,x11,y11,x12,y12,x13,y13,x14,y14,x15,y15,x16,y16,x17,y17,x18,y18,x19,y19,x20,y20,x21,y21,x22,y22,x23,y23,x24,y24,x25,y25,x26,y26,x27,y27,x28,y28,x29,y29,x30,y30,x31,y31,x32,y32,x33,y33,x34,y34,x35,y35,x36,y36,x37,y37,x38,y38,x39,y39,x40,y40,x41,y41,x42,y42,x43,y43,x44,y44,x45,y45,x46,y46,x47,y47,x48,y48
0001,0.2258,0.0611,0.1964,-0.0352,0.2252,-0.0246,0.3092,0.0545,0.3469,0.1457,0.302,0.1499,0.302,0.1499,0.302,0.1499,0.6841,0.0472,0.7701,-0.0398,0.8143,-0.0392,0.7652,0.0659,0.694,0.1488,0.6479,0.1452,0.6479,0.1452,0.6479,0.1452,0.3949,0.4185,0.375,0.4533,0.3234,0.467,0.2799,0.455,0.2508,0.4243,0.2709,0.3893,0.3185,0.3711,0.3745,0.3909,0.7466,0.4215,0.7246,0.4507,0.6737,0.4674,0.6292,0.456,0.6003,0.4228,0.6249,0.3867,0.6776,0.378,0.7282,0.3863,0.3819,0.6494,0.4192,0.6537,0.4492,0.6586,0.4798,0.6709,0.5207,0.6683,0.5532,0.6629,0.5818,0.6562,0.6217,0.6483,0.5,0.6199,0.5,0.6165,0.5,0.6264,0.5,0.6291,0.5,0.6323,0.5,0.6369,0.5,0.6371,0.5,0.6441
0002,0.2352,0.0543,0.1828,-0.0368,0.2319,-0.0319,0.3016,0.0603,0.3443,0.1541,0.3006,0.1465,0.3006,0.1465,0.3006,0.1465,0.693,0.0487,0.7752,-0.0323,0.8125,-0.0352,0.7651,0.0548,0.6933,0.1437,0.6553,0.1508,0.6553,0.1508,0.6553,0.1508,0.4001,0.4224,0.3747,0.4548,0.3186,0.4687,0.2747,0.4622,0.2533,0.4228,0.2744,0.3853,0.3276,0.3772,0.3763,0.3861,0.7502,0.4178,0.7272,0.4614,0.6729,0.4671,0.6264,0.4535,0.6009,0.4221,0.623,0.3901,0.6731,0.3795,0.7232,0.3878,0.3852,0.6487,0.417,0.6506,0.4451,0.6417,0.484,0.6379,0.5131,0.6317,0.5518,0.6421,0.5844,0.6478,0.6152,0.653,0.5,0.6177,0.5,0.6198,0.5,0.6283,0.5,0.6297,0.5,0.6307,0.5,0.6379,0.5,0.6389,0.5,0.6459
0003,0.2218,0.0629,0.1899,-0.029,0.2377,-0.0353,0.3003,0.0521,0.339,0.148,0.3067,0.1501,0.3067,0.1501,0.3067,0.1501,0.7002,0.0574,0.782,-0.0354,0.8284,-0.0302,0.7684,0.051,0.6981,0.1471,0.6604,0.1512,0.6604,0.1512,0.6604,0.1512,0.3943,0.4194,0.3695,0.4537,0.3267,0.4694,0.2709,0.4555,0.255,0.4193,0.275,0.3889,0.3209,0.376,0.3756,0.3919,0.7492,0.4178,0.7228,0.4565,0.6773,0.4703,0.6374,0.4567,0.6088,0.4247,0.628,0.3878,0.678,0.3727,0.7248,0.3873,0.3831,0.6552,0.4108,0.6571,0.4451,0.6604,0.4864,0.6687,0.5136,0.6664,0.5522,0.6597,0.5843,0.6553,0.6153,0.6547,0.5,0.6183,0.5,0.6175,0.5,0.6253,0.5,0.6277,0.5,0.6343,0.5,0.6353,0.5,0.6404,0.5,0.6454
0004,0.2195,0.0553,0.1847,-0.0377,0.2369,-0.0315,0.2973,0.0627,0.3562,0.1545,0.2958,0.1456,0.2958,0.1456,0.2958,0.1456,0.7027,0.0531,0.776,-0.0293,0.8071,-0.0342,0.7544,0.0513,0.6938,0.1411,0.6658,0.1401,0.6658,0.1401,0.6658,0.1401,0.3932,0.4223,0.3782,0.4508,0.3276,0.4688,0.2716,0.4564,0.2545,0.4201,0.2747,0.3876,0.3246,0.3769,0.3786,0.3851,0.7523,0.4162,0.7251,0.4567,0.6766,0.4669,0.6255,0.4536,0.6037,0.4244,0.6271,0.3867,0.6784,0.3759,0.7279,0.3906,0.3804,0.6507,0.4185,0.6486,0.4497,0.6415,0.487,0.6339,0.5183,0.635,0.5496,0.6444,0.5861,0.6491,0.621,0.6524,0.5,0.6184,0.5,0.6205,0.5,0.6256,0.5,0.6287,0.5,0.633,0.5,0.6378,0.5,0.6392,0.5,0.6482
0005,0.2194,0.0641,0.1921,-0.0302,0.2302,-0.0339,0.2994,0.0577,0.3398,0.1542,0.3038,0.1436,0.3038,0.1436,0.3038,0.1436,0.6934,0.0597,0.7701,-0.0387,0.8139,-0.0324,0.7705,0.0545,0.6967,0.14,0.648,0.1442,0.648,0.1442,0.648,0.1442,0.3939,0.4228,0.3783,0.4575,0.3238,0.4687,0.2716,0.455,0.2531,0.4228,0.2721,0.3903,0.3287,0.3747,0.3751,0.3908,0.7449,0.4225,0.7255,0.4553,0.6735,0.4688,0.6275,0.4593,0.6083,0.4282,0.6238,0.3913,0.6763,0.3814,0.7231,0.3863,0.3811,0.6461,0.4148,0.6445,0.4502,0.6422,0.4888,0.6384,0.5151,0.633,0.5517,0.6373,0.5891,0.6502,0.6158,0.6473,0.5,0.6196,0.5,0.6209,0.5,0.6272,0.5,0.6261,0.5,0.6318,0.5,0.6367,0.5,0.6407,0.5,0.6437
0006,0.2203,0.0565,0.1882,-0.0308,0.2307,-0.0404,0.2957,0.0648,0.3457,0.1441,0.3138,0.1491,0.3138,0.1491,0.3138,0.1491,0.7022,0.0577,0.7855,-0.0236,0.811,-0.0282,0.7772,0.0653,0.6897,0.1525,0.6625,0.1381,0.6625,0.1381,0.6625,0.1381,0.3911,0.4159,0.3731,0.4571,0.3286,0.469,0.2793,0.451,0.2489,0.4217,0.2756,0.3886,0.3182,0.3747,0.3701,0.3907,0.7472,0.4191,0.724,0.4519,0.6756,0.4715,0.6232,0.4565,0.6039,0.4196,0.6257,0.3857,0.6742,0.3715,0.7313,0.3888,0.3808,0.6491,0.416,0.6545,0.4516,0.664,0.4817,0.6668,0.5159,0.6618,0.5458,0.6658,0.5885,0.6544,0.6189,0.6493,0.5,0.6226,0.5,0.6231,0.5,0.6248,0.5,0.6272,0.5,0.63,0.5,0.6371,0.5,0.6393,0.5,0.642
0007,0.2202,0.0672,0.1927,-0.0339,0.2352,-0.0334,0.2996,0.0662,0.3469,0.1424,0.3036,0.1433,0.3036,0.1433,0.3036,0.1433,0.6872,0.0627,0.7846,-0.042,0.8158,-0.0377,0.7706,0.0538,0.6903,0.1487,0.6514,0.15,0.6514,0.15,0.6514,0.15,0.3944,0.4212,0.3713,0.4533,0.3264,0.4702,0.2716,0.4553,0.2561,0.417,0.2761,0.3868,0.3259,0.3728,0.3686,0.384,0.7462,0.4226,0.7229,0.4569,0.6709,0.4686,0.6225,0.4531,0.6056,0.4194,0.6249,0.3917,0.6741,0.3774,0.7222,0.3903,0.387,0.6412,0.414,0.6568,0.4492,0.6629,0.4815,0.6688,0.5163,0.6719,0.551,0.6628,0.5825,0.6537,0.6159,0.6496,0.5,0.6164,0.5,0.6216,0.5,0.6286,0.5,0.6304,0.5,0.6322,0.5,0.6388,0.5,0.6399,0.5,0.6409
0008,0.2156,0.0552,0.1876,-0.024,0.2285,-0.0351,0.3095,0.0443,0.3451,0.153,0.296,0.1551,0.296,0.1551,0.296,0.1551,0.6973,0.0549,0.7771,-0.0205,0.8136,-0.0324,0.7707,0.0523,0.7002,0.1434,0.6567,0.1456,0.6567,0.1456,0.6567,0.1456,0.3959,0.4229,0.377,0.4535,0.3234,0.4659,0.2732,0.4561,0.2561,0.4192,0.277,0.3927,0.3254,0.3805,0.3717,0.3851,0.7409,0.4263,0.7274,0.4549,0.6766,0.4655,0.6332,0.4554,0.6058,0.424,0.6275,0.3894,0.6735,0.3764,0.731,0.3927,0.3875,0.6508,0.4134,0.6464,0.4499,0.6444,0.4783,0.6401,0.5163,0.6344,0.5473,0.6363,0.5861,0.647,0.6134,0.6485,0.5,0.6166,0.5,0.624,0.5,0.6245,0.5,0.6263,0.5,0.6324,0.5,0.6362,0.5,0.6359,0.5,0.6444
0009,0.2306,0.0681,0.1941,-0.0354,0.2201,-0.0188,0.305,0.0574,0.3436,0.1496,0.3038,0.1451,0.3038,0.1451,0.3038,0.1451,0.6921,0.0571,0.7703,-0.038,0.8131,-0.0353,0.7822,0.0418,0.7017,0.1557,0.6441,0.1464,0.6441,0.1464,0.6441,0.1464,0.3934,0.4178,0.3717,0.4518,0.3294,0.4715,0.2782,0.4571,0.2506,0.4203,0.2759,0.3851,0.3263,0.3743,0.3728,0.3908,0.7474,0.4208,0.7289,0.4519,0.6776,0.4705,0.6252,0.456,0.6018,0.4246,0.6255,0.3872,0.6789,0.3729,0.7214,0.3842,0.3846,0.6447,0.4214,0.649,0.4547,0.6624,0.483,0.6669,0.5179,0.6684,0.5535,0.6622,0.5841,0.6541,0.617,0.6493,0.5,0.6142,0.5,0.6187,0.5,0.6263,0.5,0.6292,0.5,0.6325,0.5,0.6368,0.5,0.6412,0.5,0.6436
0010,0.2277,0.0516,0.1899,-0.0438,0.2326,-0.0311,0.3062,0.063,0.3535,0.1544,0.2939,0.1409,0.2939,0.1409,0.2939,0.1409,0.6917,0.0574,0.7765,-0.0381,0.8136,-0.0383,0.7699,0.049,0.6899,0.1405,0.6505,0.1546,0.6505,0.1546,0.6505,0.1546,0.3917,0.4296,0.3754,0.4556,0.3217,0.4708,0.2728,0.4554,0.2614,0.4216,0.2779,0.3867,0.3241,0.3802,0.3721,0.394,0.7482,0.4202,0.7274,0.4579,0.6776,0.4641,0.6239,0.4543,0.6053,0.4237,0.6266,0.3848,0.6769,0.3768,0.7271,0.3919,0.3853,0.6537,0.4161,0.6419,0.451,0.6418,0.4841,0.6319,0.5136,0.6387,0.5501,0.6432,0.5838,0.6469,0.6199,0.6508,0.5,0.6174,0.5,0.6203,0.5,0.6242,0.5,0.6284,0.5,0.6332,0.5,0.6359,0.5,0.6428,0.5,0.643
0011,0.224,0.0658,0.1887,-0.0278,0.2179,-0.0323,0.3099,0.0578,0.35,0.1454,0.3129,0.1619,0.3129,0.1619,0.3129,0.1619,0.6932,0.0547,0.782,-0.0246,0.8094,-0.0363,0.7718,0.0494,0.6899,0.1426,0.6518,0.1482,0.6518,0.1482,0.6518,0.1482,0.3952,0.4264,0.371,0.4579,0.3236,0.4686,0.2765,0.4517,0.255,0.4224,0.2759,0.3896,0.3314,0.3731,0.3724,0.3869,0.7445,0.42,0.729,0.4592,0.6741,0.4663,0.6274,0.4534,0.6073,0.4225,0.6216,0.3933,0.681,0.3732,0.7244,0.3896,0.3838,0.6504,0.4222,0.6546,0.4474,0.6578,0.4811,0.6684,0.522,0.667,0.5509,0.6618,0.5872,0.6625,0.6156,0.647,0.5,0.619,0.5,0.6223,0.5,0.6282,0.5,0.6299,0.5,0.6322,0.5,0.6378,0.5,0.6426,0.5,0.646
0012,0.2328,0.0641,0.1956,-0.0301,0.2256,-0.033,0.3118,0.0525,0.3459,0.1461,0.3049,0.1559,0.3049,0.1559,0.3049,0.1559,0.6964,0.0576,0.7655,-0.0295,0.8163,-0.0212,0.7716,0.0586,0.6968,0.1577,0.6557,0.1501,0.6557,0.1501,0.6557,0.1501,0.3963,0.4224,0.3726,0.4556,0.3274,0.4657,0.2749,0.453,0.2574,0.4174,0.2729,0.3898,0.3288,0.3748,0.3723,0.3942,0.7419,0.4154,0.7268,0.4535,0.6728,0.4708,0.6268,0.4534,0.6017,0.4244,0.628,0.3884,0.6812,0.3719,0.721,0.3867,0.3827,0.6531,0.4156,0.6478,0.4461,0.6454,0.483,0.6389,0.5177,0.6369,0.5519,0.6425,0.5856,0.6507,0.6178,0.6544,0.5,0.617,0.5,0.6236,0.5,0.6238,0.5,0.6321,0.5,0.6327,0.5,0.6342,0.5,0.6409,0.5,0.6433
0013,0.2227,0.0547,0.1764,-0.0365,0.2124,-0.0431,0.3091,0.0619,0.3462,0.1428,0.3044,0.1484,0.3044,0.1484,0.3044,0.1484,0.6885,0.0661,0.7786,-0.0351,0.8127,-0.0326,0.7615,0.0558,0.6913,0.1426,0.6546,0.159,0.6546,0.159,0.6546,0.159,0.3964,0.4202,0.3756,0.4591,0.3269,0.4689,0.2726,0.4571,0.2551,0.4245,0.2764,0.3918,0.3227,0.3789,0.3745,0.3948,0.7441,0.427,0.7261,0.4531,0.6744,0.4678,0.6273,0.4566,0.6038,0.4218,0.6323,0.3938,0.6771,0.3751,0.7259,0.3905,0.3798,0.6477,0.4114,0.6563,0.4517,0.6604,0.4879,0.6649,0.5125,0.6692,0.5533,0.6668,0.5824,0.6583,0.6171,0.6479,0.5,0.6187,0.5,0.6222,0.5,0.6222,0.5,0.6315,0.5,0.6352,0.5,0.6356,0.5,0.6413,0.5,0.6454
0014,0.2233,0.0534,0.1874,-0.027,0.2297,-0.036,0.3092,0.0406,0.3505,0.1382,0.3026,0.1419,0.3026,0.1419,0.3026,0.1419,0.6877,0.0641,0.7707,-0.0318,0.8122,-0.0311,0.7739,0.0498,0.7012,0.1455,0.6471,0.1459,0.6471,0.1459,0.6471,0.1459,0.3989,0.4244,0.3729,0.454,0.3233,0.4748,0.2756,0.4563,0.2569,0.4226,0.2737,0.3882,0.324,0.3749,0.3761,0.3889,0.7482,0.4216,0.7257,0.4492,0.6785,0.4698,0.629,0.4465,0.6116,0.4215,0.6293,0.3857,0.6776,0.3719,0.7237,0.3943,0.3823,0.653,0.4188,0.6482,0.4502,0.6423,0.4903,0.6354,0.5173,0.6387,0.5535,0.6447,0.5856,0.6434,0.622,0.649,0.5,0.6177,0.5,0.6198,0.5,0.6249,0.5,0.6295,0.5,0.6334,0.5,0.6375,0.5,0.6435,0.5,0.6453
0015,0.2322,0.0643,0.1803,-0.0304,0.2307,-0.0356,0.3127,0.0564,0.3445,0.1474,0.3048,0.142,0.3048,0.142,0.3048,0.142,0.6869,0.0666,0.7685,-0.0397,0.7999,-0.0376,0.7657,0.0669,0.7012,0.1444,0.6694,0.1542,0.6694,0.1542,0.6694,0.1542,0.3936,0.4146,0.3806,0.4509,0.3194,0.4717,0.2816,0.4591,0.2556,0.4236,0.277,0.391,0.325,0.3753,0.3738,0.3865,0.7453,0.4169,0.7252,0.4521,0.6725,0.4693,0.6301,0.4577,0.6009,0.419,0.6288,0.3859,0.6751,0.3766,0.7227,0.389,0.3789,0.6467,0.4172,0.6505,0.4511,0.6618,0.4849,0.6692,0.5207,0.6689,0.549,0.6622,0.5853,0.6553,0.6173,0.6464,0.5,0.616,0.5,0.6186,0.5,0.6281,0.5,0.6267,0.5,0.6316,0.5,0.6355,0.5,0.6422,0.5,0.644
0016,0.2226,0.0589,0.1826,-0.0213,0.2196,-0.032,0.3084,0.0597,0.3427,0.1477,0.3049,0.1476,0.3049,0.1476,0.3049,0.1476,0.701,0.0702,0.7702,-0.0419,0.812,-0.0187,0.7687,0.0669,0.7051,0.1452,0.6596,0.158,0.6596,0.158,0.6596,0.158,0.3934,0.4213,0.3722,0.452,0.3223,0.4652,0.2746,0.4528,0.2546,0.4173,0.2755,0.3912,0.3184,0.3761,0.3775,0.3852,0.751,0.4231,0.7234,0.4549,0.6774,0.469,0.6276,0.4523,0.606,0.4177,0.6257,0.3861,0.6736,0.3786,0.7287,0.3905,0.3796,0.6475,0.4198,0.6555,0.4566,0.663,0.4838,0.6676,0.5171,0.6681,0.5523,0.6646,0.5814,0.6512,0.6118,0.6499,0.5,0.6152,0.5,0.6173,0.5,0.6257,0.5,0.6333,0.5,0.6328,0.5,0.6382,0.5,0.6408,0.5,0.6444
0017,0.2249,0.0589,0.1894,-0.0378,0.2324,-0.0349,0.3003,0.0604,0.3385,0.1486,0.3046,0.1548,0.3046,0.1548,0.3046,0.1548,0.6981,0.0571,0.7782,-0.0257,0.8158,-0.0338,0.7658,0.0511,0.6935,0.1449,0.6552,0.1488,0.6552,0.1488,0.6552,0.1488,0.3961,0.4217,0.3754,0.4552,0.3184,0.466,0.2741,0.4515,0.2557,0.4264,0.2781,0.3881,0.3286,0.3754,0.3729,0.3869,0.7452,0.4207,0.726,0.4555,0.6758,0.47,0.6296,0.4578,0.6011,0.4144,0.6288,0.3847,0.6751,0.3716,0.7202,0.3903,0.385,0.6507,0.4087,0.6452,0.4509,0.6369,0.4838,0.6356,0.5184,0.636,0.5474,0.6447,0.5832,0.6467,0.6145,0.651,0.5,0.6156,0.5,0.6208,0.5,0.628,0.5,0.6265,0.5,0.63,0.5,0.6393,0.5,0.6403,0.5,0.6434
0018,0.223,0.068,0.1915,-0.0367,0.2392,-0.0374,0.309,0.059,0.3514,0.1576,0.3049,0.144,0.3049,0.144,0.3049,0.144,0.698,0.0533,0.7852,-0.0331,0.8104,-0.0328,0.7655,0.0516,0.7023,0.1446,0.6501,0.1516,0.6501,0.1516,0.6501,0.1516,0.398,0.424,0.3769,0.4528,0.3201,0.4731,0.2736,0.4543,0.2578,0.4235,0.2758,0.3951,0.3223,0.3777,0.3741,0.3895,0.7506,0.4234,0.7271,0.4582,0.6747,0.4663,0.623,0.4493,0.6115,0.4186,0.6254,0.3879,0.6767,0.3774,0.728,0.387,0.3823,0.6532,0.4156,0.6515,0.4512,0.6433,0.4852,0.639,0.5173,0.6318,0.5514,0.6393,0.5822,0.6485,0.6208,0.6524,0.5,0.6177,0.5,0.6241,0.5,0.6254,0.5,0.6335,0.5,0.6338,0.5,0.6336,0.5,0.6419,0.5,0.6452
0019,0.2305,0.0565,0.1803,-0.0351,0.2216,-0.0373,0.3081,0.0671,0.3461,0.1414,0.3073,0.1554,0.3073,0.1554,0.3073,0.1554,0.6917,0.0565,0.7735,-0.0385,0.8163,-0.0346,0.7759,0.0521,0.6927,0.1527,0.6541,0.1586,0.6541,0.1586,0.6541,0.1586,0.3934,0.4225,0.3767,0.4509,0.3191,0.4643,0.2782,0.4534,0.2614,0.4202,0.275,0.3932,0.3301,0.381,0.3775,0.3917,0.7478,0.4242,0.7239,0.4526,0.6758,0.4683,0.6247,0.4571,0.6083,0.4221,0.6304,0.3854,0.6752,0.3729,0.72,0.3885,0.3825,0.6529,0.4181,0.6521,0.4552,0.6654,0.485,0.6679,0.5139,0.6674,0.5534,0.6674,0.5882,0.6537,0.6139,0.6489,0.5,0.6141,0.5,0.6217,0.5,0.6247,0.5,0.6281,0.5,0.63,0.5,0.6376,0.5,0.6397,0.5,0.6425
0020,0.2264,0.0677,0.1972,-0.0365,0.223,-0.0311,0.2988,0.0591,0.3482,0.1556,0.3041,0.1472,0.3041,0.1472,0.3041,0.1472,0.6902,0.0524,0.7721,-0.0317,0.8179,-0.0386,0.7822,0.0557,0.6952,0.1441,0.642,0.1536,0.642,0.1536,0.642,0.1536,0.3967,0.4211,0.3741,0.4565,0.3196,0.4672,0.2768,0.4513,0.2548,0.4179,0.2759,0.3886,0.3195,0.3784,0.3718,0.3864,0.7467,0.4252,0.7225,0.4552,0.677,0.4708,0.6266,0.4539,0.603,0.4221,0.6229,0.3802,0.6771,0.3776,0.7186,0.3858,0.3846,0.6545,0.4164,0.653,0.4492,0.6659,0.4814,0.6662,0.5153,0.6657,0.5506,0.6666,0.5847,0.6544,0.6163,0.6439,0.5,0.6187,0.5,0.621,0.5,0.6247,0.5,0.6345,0.5,0.6333,0.5,0.6354,0.5,0.6399,0.5,0.6466
0021,0.2181,0.0627,0.1836,-0.0229,0.2329,-0.0365,0.3122,0.0577,0.3487,0.1513,0.2997,0.1447,0.2997,0.1447,0.2997,0.1447,0.7013,0.0553,0.7711,-0.0395,0.815,-0.0218,0.7672,0.0574,0.7036,0.148,0.6589,0.1422,0.6589,0.1422,0.6589,0.1422,0.3958,0.4213,0.3768,0.4585,0.3318,0.4704,0.2755,0.4556,0.2529,0.4229,0.2736,0.3892,0.3281,0.3721,0.3773,0.3926,0.7457,0.4157,0.7237,0.4588,0.6757,0.4658,0.6246,0.4575,0.6071,0.4212,0.625,0.3876,0.6731,0.3797,0.7246,0.3923,0.3873,0.6553,0.415,0.6479,0.4497,0.6385,0.4842,0.6321,0.5202,0.6342,0.5508,0.642,0.5829,0.6485,0.6158,0.6549,0.5,0.6148,0.5,0.6213,0.5,0.6284,0.5,0.6271,0.5,0.6316,0.5,0.6376,0.5,0.6409,0.5,0.6451
0022,0.2303,0.0638,0.1899,-0.0353,0.2305,-0.0227,0.3039,0.0516,0.3502,0.1477,0.292,0.1534,0.292,0.1534,0.292,0.1534,0.6922,0.0568,0.7754,-0.0327,0.8167,-0.0364,0.7764,0.0558,0.6996,0.152,0.6508,0.1548,0.6508,0.1548,0.6508,0.1548,0.393,0.4242,0.375,0.4604,0.3236,0.4677,0.2744,0.4541,0.2562,0.4171,0.2714,0.3856,0.327,0.38,0.3736,0.3882,0.7463,0.4253,0.7228,0.4557,0.6786,0.4702,0.6266,0.458,0.5975,0.4239,0.6241,0.3834,0.6773,0.379,0.7251,0.3915,0.3875,0.6562,0.4211,0.6489,0.45,0.6365,0.4825,0.6331,0.5231,0.6351,0.5506,0.6428,0.5838,0.6517,0.6154,0.6529,0.5,0.6159,0.5,0.6188,0.5,0.6239,0.5,0.6288,0.5,0.6321,0.5,0.6355,0.5,0.6382,0.5,0.6444
0023,0.231,0.0578,0.179,-0.0357,0.2222,-0.032,0.3125,0.0463,0.3444,0.1475,0.3086,0.1497,0.3086,0.1497,0.3086,0.1497,0.6909,0.0554,0.7688,-0.0275,0.8126,-0.0227,0.7731,0.0531,0.6864,0.1379,0.647,0.15,0.647,0.15,0.647,0.15,0.396,0.4172,0.3766,0.4536,0.3246,0.4735,0.2771,0.4542,0.2513,0.4156,0.2724,0.3881,0.3213,0.3746,0.3742,0.3881,0.7442,0.4224,0.7268,0.4518,0.6799,0.4685,0.6261,0.4571,0.6062,0.4247,0.6269,0.3869,0.6768,0.3716,0.7258,0.3886,0.3822,0.6481,0.4108,0.6535,0.45,0.6623,0.4802,0.6722,0.5142,0.6714,0.5515,0.6599,0.5889,0.6516,0.6199,0.6514,0.5,0.616,0.5,0.6235,0.5,0.6246,0.5,0.6294,0.5,0.6333,0.5,0.6365,0.5,0.6421,0.5,0.6459
0024,0.2342,0.0476,0.1936,-0.0273,0.2202,-0.0363,0.2982,0.056,0.3419,0.153,0.3124,0.1566,0.3124,0.1566,0.3124,0.1566,0.692,0.0561,0.7636,-0.0386,0.8182,-0.0244,0.7662,0.0538,0.6952,0.1501,0.6515,0.1509,0.6515,0.1509,0.6515,0.1509,0.3931,0.4218,0.3755,0.455,0.3229,0.4684,0.2742,0.4539,0.2531,0.4266,0.2761,0.3879,0.3263,0.374,0.3774,0.3898,0.7458,0.4232,0.7209,0.4517,0.6723,0.4692,0.6311,0.4616,0.6073,0.4233,0.6208,0.3871,0.6735,0.3732,0.725,0.3873,0.377,0.6545,0.4132,0.6475,0.4559,0.6385,0.4758,0.6348,0.52,0.6413,0.5466,0.6426,0.5823,0.6465,0.6249,0.6479,0.5,0.6176,0.5,0.6219,0.5,0.6269,0.5,0.6291,0.5,0.6334,0.5,0.636,0.5,0.6411,0.5,0.6439
0025,0.2244,0.0595,0.1873,-0.0273,0.2263,-0.0442,0.3121,0.052,0.3399,0.1449,0.3127,0.1359,0.3127,0.1359,0.3127,0.1359,0.7137,0.0635,0.7747,-0.0342,0.8142,-0.0308,0.7772,0.0605,0.6958,0.1473,0.6554,0.1473,0.6554,0.1473,0.6554,0.1473,0.3979,0.4236,0.3653,0.4569,0.3248,0.4687,0.2734,0.4583,0.2567,0.4196,0.2757,0.3859,0.3202,0.3732,0.3765,0.3915,0.7476,0.424,0.727,0.4531,0.677,0.4711,0.6283,0.4585,0.6075,0.4229,0.6292,0.3887,0.6732,0.3745,0.7233,0.3868,0.3824,0.65,0.4154,0.6412,0.4504,0.6412,0.4809,0.6375,0.5195,0.6309,0.548,0.6389,0.581,0.6492,0.6166,0.6516,0.5,0.6137,0.5,0.6222,0.5,0.6228,0.5,0.629,0.5,0.6333,0.5,0.6391,0.5,0.6383,0.5,0.6392
0026,0.2371,0.0646,0.1887,-0.0367,0.2313,-0.0396,0.3075,0.0603,0.35,0.1646,0.307,0.1455,0.307,0.1455,0.307,0.1455,0.6952,0.0469,0.7694,-0.0363,0.8094,-0.033,0.7686,0.0639,0.6953,0.1484,0.6543,0.1493,0.6543,0.1493,0.6543,0.1493,0.3969,0.4193,0.372,0.4541,0.3203,0.4663,0.2731,0.4576,0.2547,0.4224,0.277,0.3883,0.3254,0.3747,0.3747,0.387,0.7389,0.4215,0.7297,0.4577,0.6786,0.4724,0.6263,0.4556,0.6037,0.4209,0.6279,0.3923,0.6754,0.3737,0.7255,0.3905,0.3786,0.6456,0.4147,0.6432,0.4483,0.6408,0.4819,0.6399,0.5177,0.6365,0.552,0.6378,0.5867,0.6465,0.6192,0.6492,0.5,0.6145,0.5,0.6225,0.5,0.6257,0.5,0.6273,0.5,0.6313,0.5,0.6387,0.5,0.6385,0.5,0.6474
0027,0.2303,0.0554,0.191,-0.037,0.2256,-0.0336,0.2988,0.0616,0.3407,0.1471,0.2989,0.1334,0.2989,0.1334,0.2989,0.1334,0.6942,0.0714,0.778,-0.034,0.811,-0.0337,0.7766,0.0504,0.7018,0.1526,0.6605,0.151,0.6605,0.151,0.6605,0.151,0.3946,0.4238,0.3757,0.454,0.3225,0.469,0.279,0.4514,0.2496,0.4224,0.2746,0.3892,0.3249,0.3743,0.3783,0.384,0.7437,0.4216,0.7207,0.4545,0.6806,0.4688,0.6267,0.4513,0.6037,0.4208,0.6251,0.3925,0.6774,0.3717,0.7262,0.3902,0.3862,0.6531,0.4133,0.6528,0.4461,0.6611,0.4846,0.6714,0.5165,0.6676,0.5507,0.6594,0.5898,0.6504,0.6177,0.6544,0.5,0.6172,0.5,0.6208,0.5,0.6244,0.5,0.6286,0.5,0.6352,0.5,0.6328,0.5,0.6433,0.5,0.642
0028,0.224,0.0607,0.1781,-0.0311,0.2384,-0.0418,0.3058,0.0534,0.3462,0.1485,0.3009,0.1513,0.3009,0.1513,0.3009,0.1513,0.7059,0.0562,0.7777,-0.0414,0.8069,-0.0311,0.7821,0.0594,0.6935,0.1484,0.6489,0.152,0.6489,0.152,0.6489,0.152,0.3971,0.4206,0.3726,0.4558,0.3229,0.4686,0.2807,0.4543,0.2529,0.42,0.2767,0.3882,0.3223,0.3789,0.3781,0.387,0.7406,0.4248,0.7235,0.4573,0.67,0.4714,0.6225,0.4572,0.6055,0.4191,0.6249,0.3907,0.6761,0.3767,0.7313,0.3841,0.3876,0.6526,0.4137,0.6429,0.4492,0.6439,0.4829,0.64,0.5125,0.6356,0.5466,0.6422,0.5863,0.6455,0.6096,0.6529,0.5,0.618,0.5,0.6218,0.5,0.6272,0.5,0.627,0.5,0.634,0.5,0.6388,0.5,0.6375,0.5,0.6451
0029,0.2261,0.0593,0.1846,-0.0378,0.2268,-0.0402,0.2983,0.0613,0.337,0.1523,0.3074,0.1383,0.3074,0.1383,0.3074,0.1383,0.6913,0.0643,0.7677,-0.0366,0.8152,-0.0293,0.772,0.0538,0.7036,0.1586,0.662,0.1489,0.662,0.1489,0.662,0.1489,0.3922,0.4194,0.3755,0.4562,0.3283,0.4707,0.2701,0.4581,0.251,0.4208,0.2752,0.3946,0.3333,0.3768,0.3734,0.3903,0.7487,0.4209,0.7308,0.4557,0.6772,0.4707,0.6273,0.4575,0.6037,0.4202,0.6228,0.39,0.6781,0.3763,0.7304,0.3887,0.3848,0.6452,0.4152,0.6572,0.4523,0.661,0.483,0.6641,0.5157,0.6711,0.5519,0.6633,0.5839,0.6552,0.6153,0.6505,0.5,0.6179,0.5,0.622,0.5,0.6241,0.5,0.6251,0.5,0.6347,0.5,0.6359,0.5,0.6391,0.5,0.6458
0030,0.2328,0.0609,0.1915,-0.0419,0.2337,-0.0323,0.3025,0.0581,0.3333,0.1508,0.2987,0.1405,0.2987,0.1405,0.2987,0.1405,0.6864,0.0638,0.7698,-0.0249,0.8094,-0.0439,0.7669,0.0645,0.6944,0.1452,0.6572,0.1514,0.6572,0.1514,0.6572,0.1514,0.3978,0.4261,0.3729,0.4511,0.323,0.4695,0.2717,0.4522,0.2549,0.4217,0.2746,0.3865,0.3235,0.3723,0.3765,0.3918,0.7407,0.4192,0.7211,0.4531,0.6755,0.4645,0.6234,0.4521,0.6061,0.4221,0.6239,0.3892,0.6742,0.3742,0.7304,0.3927,0.379,0.6548,0.4187,0.6434,0.4522,0.6457,0.48,0.6329,0.5197,0.6364,0.5518,0.6422,0.5848,0.6429,0.6203,0.6558,0.5,0.6168,0.5,0.621,0.5,0.6223,0.5,0.6298,0.5,0.6338,0.5,0.6366,0.5,0.6426,0.5,0.6439
0031,0.2206,0.0572,0.1865,-0.0325,0.2244,-0.0346,0.3095,0.0547,0.3343,0.1587,0.3128,0.1409,0.3128,0.1409,0.3128,0.1409,0.6994,0.0543,0.775,-0.0321,0.8111,-0.0384,0.7694,0.0519,0.6904,0.148,0.6521,0.1524,0.6521,0.1524,0.6521,0.1524,0.3989,0.4202,0.3746,0.4565,0.3256,0.469,0.2767,0.4564,0.2503,0.4244,0.2771,0.3865,0.3243,0.377,0.3733,0.3919,0.753,0.4196,0.7215,0.4559,0.6779,0.4681,0.6303,0.4511,0.6075,0.4201,0.6311,0.3946,0.6735,0.3734,0.728,0.3876,0.3827,0.6485,0.4107,0.6551,0.4478,0.6604,0.4875,0.6648,0.5191,0.6677,0.5494,0.6641,0.5847,0.6568,0.62,0.6475,0.5,0.6161,0.5,0.6192,0.5,0.6235,0.5,0.6341,0.5,0.635,0.5,0.6343,0.5,0.6383,0.5,0.6454
0032,0.2298,0.0558,0.1868,-0.0319,0.2271,-0.0469,0.3033,0.0523,0.3448,0.1659,0.3068,0.1466,0.3068,0.1466,0.3068,0.1466,0.7007,0.0601,0.7759,-0.0303,0.8246,-0.0405,0.7762,0.0519,0.6986,0.1431,0.6538,0.1467,0.6538,0.1467,0.6538,0.1467,0.3974,0.4246,0.3703,0.4552,0.3221,0.4651,0.2739,0.4541,0.261,0.4231,0.2705,0.3871,0.3272,0.3811,0.3693,0.3832,0.7516,0.423,0.723,0.4566,0.6681,0.4688,0.627,0.4577,0.6025,0.4221,0.6234,0.3895,0.6732,0.3738,0.7226,0.3906,0.3853,0.6517,0.4164,0.6425,0.4489,0.641,0.4909,0.6323,0.521,0.6385,0.551,0.6463,0.5848,0.6479,0.617,0.6559,0.5,0.6191,0.5,0.62,0.5,0.6227,0.5,0.6285,0.5,0.6314,0.5,0.6366,0.5,0.6428,0.5,0.6437
0033,0.2269,0.0623,0.1743,-0.0374,0.2278,-0.0268,0.3018,0.0463,0.3474,0.1447,0.2977,0.1448,0.2977,0.1448,0.2977,0.1448,0.6942,0.0537,0.7605,-0.0286,0.82,-0.03,0.7668,0.0561,0.6953,0.1519,0.6602,0.1441,0.6602,0.1441,0.6602,0.1441,0.3948,0.4232,0.3782,0.4571,0.3265,0.469,0.2786,0.4562,0.2514,0.426,0.2765,0.3874,0.3228,0.3759,0.3753,0.3893,0.747,0.4269,0.7286,0.4556,0.6785,0.4657,0.6272,0.4603,0.6048,0.4194,0.6242,0.3855,0.6735,0.3739,0.7214,0.3888,0.3855,0.6458,0.4207,0.6566,0.4528,0.6599,0.4858,0.6653,0.5193,0.669,0.5518,0.6584,0.5811,0.6569,0.6144,0.6498,0.5,0.6148,0.5,0.6226,0.5,0.6228,0.5,0.6299,0.5,0.6339,0.5,0.6355,0.5,0.6416,0.5,0.645
0034,0.2207,0.0458,0.1895,-0.043,0.2271,-0.0354,0.3087,0.0555,0.3418,0.1527,0.3067,0.1503,0.3067,0.1503,0.3067,0.1503,0.6981,0.0483,0.7779,-0.0303,0.8065,-0.0353,0.7732,0.0565,0.6973,0.1568,0.6626,0.1407,0.6626,0.1407,0.6626,0.1407,0.3964,0.4258,0.3751,0.4582,0.3301,0.4717,0.2752,0.4581,0.2543,0.4219,0.2735,0.3933,0.3218,0.3795,0.3754,0.3846,0.7472,0.4157,0.7273,0.4576,0.674,0.4691,0.6318,0.4535,0.6024,0.4262,0.6318,0.3887,0.6787,0.3789,0.7233,0.3873,0.3864,0.6573,0.4179,0.6442,0.4556,0.6396,0.4823,0.6366,0.5213,0.6381,0.5514,0.6425,0.5838,0.6484,0.6098,0.6515,0.5,0.6176,0.5,0.6191,0.5,0.6257,0.5,0.6285,0.5,0.6359,0.5,0.6395,0.5,0.6398,0.5,0.6443
0035,0.2239,0.0584,0.1831,-0.0405,0.2302,-0.0302,0.3,0.0625,0.34,0.1499,0.3095,0.1482,0.3095,0.1482,0.3095,0.1482,0.698,0.0543,0.7723,-0.0351,0.8081,-0.0349,0.7644,0.0544,0.6936,0.1469,0.6548,0.1481,0.6548,0.1481,0.6548,0.1481,0.3959,0.4244,0.372,0.4515,0.3212,0.4673,0.2735,0.4528,0.2501,0.4205,0.275,0.3905,0.3226,0.3738,0.3712,0.3886,0.7436,0.4236,0.7203,0.454,0.6767,0.4693,0.634,0.456,0.6025,0.4216,0.6209,0.3885,0.6733,0.3777,0.7239,0.3884,0.381,0.6535,0.4154,0.6605,0.4522,0.6632,0.4843,0.6697,0.5111,0.6677,0.5527,0.6617,0.5796,0.655,0.6222,0.6521,0.5,0.6171,0.5,0.6228,0.5,0.6244,0.5,0.6259,0.5,0.6312,0.5,0.6395,0.5,0.6401,0.5,0.6441
0036,0.2377,0.0668,0.2005,-0.0348,0.2283,-0.0427,0.3133,0.0504,0.345,0.142,0.3012,0.1435,0.3012,0.1435,0.3012,0.1435,0.6918,0.0541,0.7702,-0.029,0.806,-0.0326,0.7806,0.0543,0.6911,0.1471,0.6632,0.1496,0.6632,0.1496,0.6632,0.1496,0.393,0.4233,0.3707,0.457,0.3254,0.4678,0.272,0.4524,0.2555,0.4255,0.2726,0.3901,0.3181,0.3733,0.3738,0.3861,0.7434,0.4199,0.7264,0.4545,0.6692,0.4625,0.6243,0.4564,0.5974,0.4204,0.6245,0.3928,0.6747,0.3761,0.7259,0.3825,0.3851,0.653,0.4178,0.6583,0.4437,0.6462,0.4824,0.6364,0.5166,0.6344,0.5486,0.6421,0.5793,0.649,0.616,0.649,0.5,0.6164,0.5,0.6233,0.5,0.6241,0.5,0.6295,0.5,0.6315,0.5,0.6381,0.5,0.6418,0.5,0.6478
0037,0.2305,0.0579,0.1951,-0.0381,0.2309,-0.035,0.3043,0.0578,0.3452,0.1478,0.3059,0.1577,0.3059,0.1577,0.3059,0.1577,0.7011,0.0624,0.7708,-0.0391,0.8181,-0.0287,0.7821,0.0538,0.694,0.1388,0.654,0.1543,0.654,0.1543,0.654,0.1543,0.3932,0.4238,0.3734,0.456,0.3209,0.469,0.2657,0.4545,0.2491,0.4254,0.2768,0.3901,0.3287,0.3722,0.3791,0.3915,0.7454,0.4252,0.7223,0.4526,0.674,0.4672,0.623,0.4586,0.6047,0.4229,0.6244,0.3834,0.6766,0.3694,0.7253,0.3847,0.3886,0.6511,0.4166,0.6588,0.4473,0.6634,0.4838,0.6693,0.5205,0.6707,0.5511,0.657,0.5809,0.6548,0.6175,0.6451,0.5,0.6214,0.5,0.6238,0.5,0.6261,0.5,0.629,0.5,0.6324,0.5,0.635,0.5,0.6408,0.5,0.645
0038,0.2285,0.0564,0.1763,-0.0389,0.2241,-0.0228,0.3079,0.0495,0.3466,0.1394,0.311,0.1457,0.311,0.1457,0.311,0.1457,0.6948,0.0651,0.7659,-0.042,0.8091,-0.0278,0.7645,0.0407,0.6927,0.1517,0.6633,0.1457,0.6633,0.1457,0.6633,0.1457,0.3933,0.4253,0.3685,0.4539,0.3248,0.4701,0.273,0.4551,0.2466,0.4199,0.2758,0.3859,0.3244,0.3763,0.3729,0.3892,0.7433,0.4213,0.7273,0.4555,0.6741,0.4694,0.6282,0.449,0.6089,0.4209,0.6273,0.3922,0.6718,0.3729,0.7247,0.3864,0.3879,0.6498,0.4147,0.6474,0.4463,0.64,0.4842,0.6346,0.5165,0.6341,0.5458,0.6421,0.5888,0.6468,0.6178,0.6544,0.5,0.615,0.5,0.6241,0.5,0.6254,0.5,0.6318,0.5,0.6315,0.5,0.6399,0.5,0.642,0.5,0.6455
0039,0.2251,0.0643,0.1883,-0.0454,0.22,-0.0349,0.3065,0.057,0.3509,0.137,0.3055,0.1378,0.3055,0.1378,0.3055,0.1378,0.6998,0.0567,0.7759,-0.0389,0.82,-0.0278,0.7769,0.0565,0.6987,0.1443,0.6613,0.1581,0.6613,0.1581,0.6613,0.1581,0.3977,0.4197,0.375,0.4512,0.3259,0.4701,0.269,0.4516,0.2531,0.421,0.271,0.3899,0.325,0.3744,0.3717,0.3918,0.7509,0.4205,0.7237,0.4565,0.6747,0.4683,0.6282,0.4494,0.6093,0.4221,0.6249,0.3885,0.6757,0.3699,0.7299,0.3889,0.3841,0.6512,0.4133,0.6565,0.449,0.6643,0.477,0.6682,0.515,0.6698,0.5516,0.6598,0.5816,0.6548,0.6146,0.6509,0.5,0.6165,0.5,0.616,0.5,0.6243,0.5,0.6271,0.5,0.6299,0.5,0.6345,0.5,0.6408,0.5,0.6469
0040,0.223,0.06,0.1848,-0.0379,0.2198,-0.0441,0.3024,0.0582,0.3432,0.146,0.2991,0.152,0.2991,0.152,0.2991,0.152,0.6876,0.0618,0.7676,-0.0383,0.8039,-0.0368,0.7792,0.0603,0.701,0.1515,0.6498,0.1465,0.6498,0.1465,0.6498,0.1465,0.3922,0.4258,0.3704,0.4576,0.3268,0.4741,0.2733,0.4571,0.2606,0.4201,0.27,0.3832,0.3263,0.3695,0.3728,0.39,0.7466,0.4231,0.7262,0.4588,0.673,0.4668,0.6238,0.4575,0.6081,0.4232,0.6295,0.3853,0.6807,0.3795,0.7277,0.3939,0.378,0.6508,0.4141,0.6489,0.4467,0.6434,0.4873,0.6376,0.5176,0.6327,0.5477,0.6448,0.586,0.6466,0.616,0.6464,0.5,0.6153,0.5,0.6245,0.5,0.6227,0.5,0.6292,0.5,0.6346,0.5,0.6345,0.5,0.6409,0.5,0.6462
0041,0.2434,0.0475,0.1937,-0.0349,0.2311,-0.0313,0.3004,0.0586,0.3329,0.152,0.3064,0.1522,0.3064,0.1522,0.3064,0.1522,0.7015,0.0594,0.7743,-0.039,0.8083,-0.0269,0.7819,0.0559,0.6956,0.1431,0.6631,0.1523,0.6631,0.1523,0.6631,0.1523,0.4002,0.4193,0.3728,0.4557,0.3261,0.4681,0.2719,0.4576,0.256,0.4192,0.2785,0.3922,0.3246,0.3752,0.3756,0.3862,0.7462,0.4156,0.7281,0.4504,0.6802,0.4678,0.6254,0.4532,0.6046,0.426,0.6188,0.3925,0.6768,0.3715,0.7223,0.3936,0.38,0.6451,0.4196,0.6561,0.447,0.6625,0.4803,0.6718,0.5199,0.6701,0.5513,0.667,0.5837,0.6517,0.6185,0.6545,0.5,0.6154,0.5,0.6205,0.5,0.6257,0.5,0.6288,0.5,0.6311,0.5,0.6387,0.5,0.6447,0.5,0.6449
0042,0.2175,0.0588,0.194,-0.0311,0.2265,-0.0373,0.2983,0.0622,0.3491,0.1394,0.314,0.1518,0.314,0.1518,0.314,0.1518,0.7035,0.0494,0.7654,-0.0347,0.8154,-0.0233,0.7776,0.0559,0.6893,0.1556,0.6506,0.158,0.6506,0.158,0.6506,0.158,0.3937,0.4265,0.3759,0.4546,0.3227,0.4678,0.2758,0.4552,0.2522,0.4214,0.2747,0.3825,0.3256,0.3721,0.3706,0.3838,0.7408,0.4179,0.7234,0.4607,0.6742,0.4693,0.6272,0.4554,0.6052,0.4184,0.6303,0.394,0.6709,0.372,0.7247,0.3859,0.3843,0.6502,0.4226,0.6503,0.4504,0.6442,0.4865,0.634,0.5143,0.6358,0.5527,0.6416,0.5791,0.6444,0.617,0.6521,0.5,0.6207,0.5,0.6187,0.5,0.6259,0.5,0.6315,0.5,0.6368,0.5,0.636,0.5,0.6415,0.5,0.6455
0043,0.226,0.0598,0.1727,-0.0299,0.2273,-0.0352,0.3167,0.0533,0.3414,0.1601,0.2998,0.1452,0.2998,0.1452,0.2998,0.1452,0.6945,0.0622,0.7747,-0.0414,0.8094,-0.0374,0.773,0.0598,0.6978,0.138,0.6625,0.1499,0.6625,0.1499,0.6625,0.1499,0.3986,0.4232,0.3772,0.4564,0.3282,0.4703,0.2742,0.4617,0.2565,0.4236,0.2708,0.385,0.3251,0.3754,0.3721,0.3891,0.7507,0.4239,0.7222,0.4547,0.6734,0.4676,0.6249,0.4536,0.6018,0.4215,0.6244,0.3801,0.6818,0.3782,0.7244,0.3888,0.3794,0.6534,0.4219,0.6556,0.4528,0.6623,0.4793,0.6673,0.5171,0.6672,0.5496,0.6616,0.5835,0.6553,0.6141,0.6463,0.5,0.6149,0.5,0.6228,0.5,0.6213,0.5,0.6309,0.5,0.6352,0.5,0.6362,0.5,0.636,0.5,0.6439
0044,0.2206,0.0543,0.1965,-0.03,0.2211,-0.0432,0.3028,0.056,0.3467,0.1453,0.3077,0.1598,0.3077,0.1598,0.3077,0.1598,0.7001,0.057,0.7724,-0.0359,0.8194,-0.0375,0.7737,0.0576,0.6924,0.1404,0.6581,0.1481,0.6581,0.1481,0.6581,0.1481,0.396,0.4203,0.3775,0.4525,0.3292,0.4636,0.2758,0.4564,0.2516,0.4231,0.2782,0.3822,0.3257,0.3677,0.3711,0.3935,0.7444,0.4184,0.7249,0.4611,0.6704,0.4657,0.6304,0.4605,0.6052,0.4182,0.6322,0.3934,0.6778,0.3726,0.7254,0.3883,0.3838,0.6566,0.4189,0.6436,0.4538,0.6421,0.4853,0.6399,0.5135,0.6355,0.5487,0.6366,0.5847,0.6541,0.6118,0.6522,0.5,0.6183,0.5,0.6213,0.5,0.6248,0.5,0.6266,0.5,0.6332,0.5,0.6354,0.5,0.6368,0.5,0.6466
0045,0.2269,0.0586,0.1938,-0.0325,0.2319,-0.0356,0.3124,0.0592,0.3449,0.141,0.3064,0.1436,0.3064,0.1436,0.3064,0.1436,0.6916,0.0525,0.7672,-0.0214,0.8203,-0.0226,0.7663,0.0577,0.6877,0.1444,0.6509,0.1557,0.6509,0.1557,0.6509,0.1557,0.3934,0.425,0.3757,0.4618,0.3199,0.4724,0.2779,0.4522,0.2569,0.4229,0.2738,0.3863,0.3221,0.381,0.3739,0.391,0.7438,0.4196,0.7287,0.4511,0.6746,0.4688,0.6264,0.4545,0.6066,0.4239,0.6282,0.3858,0.6749,0.3785,0.7281,0.3847,0.3838,0.6426,0.4164,0.6607,0.447,0.6594,0.4855,0.664,0.5149,0.6703,0.5484,0.6611,0.5859,0.6564,0.618,0.6474,0.5,0.6178,0.5,0.6209,0.5,0.6258,0.5,0.628,0.5,0.6325,0.5,0.635,0.5,0.6406,0.5,0.6431
0046,0.2281,0.0585,0.1921,-0.0364,0.229,-0.0306,0.3073,0.0525,0.3446,0.1506,0.3047,0.1362,0.3047,0.1362,0.3047,0.1362,0.6963,0.0703,0.7713,-0.0381,0.8147,-0.032,0.7804,0.0499,0.6996,0.1519,0.6554,0.1504,0.6554,0.1504,0.6554,0.1504,0.3975,0.4244,0.3706,0.4574,0.324,0.469,0.2747,0.4546,0.2574,0.4216,0.2712,0.3876,0.3247,0.3786,0.3757,0.3862,0.7534,0.4227,0.7292,0.4546,0.6773,0.4712,0.6296,0.4581,0.608,0.421,0.6244,0.3897,0.6785,0.3743,0.7286,0.393,0.3801,0.646,0.4159,0.656,0.4482,0.6658,0.4845,0.6686,0.5125,0.6647,0.551,0.6556,0.5867,0.6547,0.6267,0.6552,0.5,0.6169,0.5,0.6209,0.5,0.6268,0.5,0.6319,0.5,0.6299,0.5,0.6336,0.5,0.6395,0.5,0.6456
0047,0.2328,0.0503,0.1739,-0.0288,0.2217,-0.0457,0.3055,0.0619,0.343,0.1458,0.3038,0.1463,0.3038,0.1463,0.3038,0.1463,0.6874,0.0531,0.7765,-0.032,0.8135,-0.0397,0.7724,0.0445,0.6964,0.1568,0.6476,0.145,0.6476,0.145,0.6476,0.145,0.3955,0.4255,0.3726,0.453,0.3185,0.4691,0.2805,0.4558,0.2538,0.4228,0.2745,0.3863,0.3266,0.3757,0.374,0.3859,0.7499,0.4238,0.7239,0.458,0.6743,0.4665,0.6238,0.4498,0.6069,0.4165,0.6225,0.3826,0.6755,0.3746,0.7245,0.3857,0.3794,0.6498,0.4147,0.6561,0.4472,0.6624,0.4871,0.6702,0.5155,0.6693,0.5495,0.6619,0.5828,0.6547,0.6178,0.6455,0.5,0.6154,0.5,0.6187,0.5,0.6222,0.5,0.6268,0.5,0.6331,0.5,0.6351,0.5,0.6415,0.5,0.6446
0048,0.2304,0.062,0.1817,-0.0314,0.2215,-0.0333,0.2973,0.0468,0.3415,0.1477,0.3024,0.1415,0.3024,0.1415,0.3024,0.1415,0.693,0.0589,0.7732,-0.0328,0.8086,-0.027,0.7665,0.0601,0.7022,0.1513,0.6551,0.1453,0.6551,0.1453,0.6551,0.1453,0.3976,0.4177,0.3711,0.4539,0.3278,0.4699,0.2717,0.4541,0.2521,0.4198,0.2774,0.3847,0.3289,0.3774,0.3771,0.3874,0.7457,0.4177,0.724,0.4565,0.6796,0.4655,0.625,0.4546,0.6014,0.4236,0.6239,0.3882,0.6745,0.3727,0.7255,0.3881,0.3817,0.6502,0.4172,0.6516,0.4502,0.6441,0.4792,0.6361,0.5135,0.6313,0.5481,0.6447,0.5865,0.6475,0.6127,0.6518,0.5,0.6177,0.5,0.6214,0.5,0.6218,0.5,0.6273,0.5,0.6327,0.5,0.6377,0.5,0.6368,0.5,0.6442
0049,0.2315,0.0614,0.1909,-0.0385,0.2154,-0.0362,0.3106,0.0655,0.3479,0.151,0.3069,0.1452,0.3069,0.1452,0.3069,0.1452,0.6946,0.0671,0.7679,-0.0244,0.8106,-0.0261,0.7652,0.0607,0.691,0.1401,0.6575,0.1544,0.6575,0.1544,0.6575,0.1544,0.3921,0.4175,0.3737,0.4548,0.3258,0.4715,0.2743,0.4605,0.2546,0.4209,0.2698,0.388,0.3232,0.3778,0.3753,0.3853,0.7466,0.4238,0.73,0.4576,0.678,0.4689,0.6272,0.4587,0.6016,0.4209,0.6238,0.3898,0.6794,0.3733,0.7185,0.3875,0.3855,0.65,0.4175,0.6543,0.446,0.6633,0.4808,0.6749,0.5184,0.6668,0.5484,0.6616,0.583,0.6584,0.6177,0.6463,0.5,0.6205,0.5,0.6212,0.5,0.6264,0.5,0.6278,0.5,0.6335,0.5,0.6373,0.5,0.6373,0.5,0.6481
0050,0.2242,0.0508,0.1895,-0.0333,0.2286,-0.0327,0.3077,0.0658,0.3471,0.1423,0.3127,0.1581,0.3127,0.1581,0.3127,0.1581,0.7138,0.0507,0.7749,-0.0461,0.8157,-0.0371,0.7847,0.0528,0.6854,0.1457,0.6447,0.1528,0.6447,0.1528,0.6447,0.1528,0.3885,0.422,0.3678,0.4541,0.329,0.4698,0.272,0.4549,0.254,0.4233,0.2705,0.3905,0.3163,0.3732,0.3725,0.3906,0.7462,0.4178,0.7226,0.4556,0.6755,0.4671,0.6247,0.4571,0.604,0.4216,0.6324,0.3846,0.6704,0.3773,0.7235,0.3878,0.3805,0.6516,0.421,0.6491,0.4523,0.637,0.4799,0.6273,0.5144,0.6384,0.5517,0.6405,0.5836,0.6447,0.6178,0.6546,0.5,0.6143,0.5,0.6216,0.5,0.6266,0.5,0.6282,0.5,0.634,0.5,0.6417,0.5,0.6404,0.5,0.6452
0051,0.2276,0.06,0.1886,-0.0398,0.2278,-0.0253,0.3073,0.0629,0.3424,0.1528,0.3063,0.1429,0.3063,0.1429,0.3063,0.1429,0.6972,0.0515,0.7697,-0.0327,0.8142,-0.0408,0.7796,0.0606,0.6912,0.1394,0.6554,0.1458,0.6554,0.1458,0.6554,0.1458,0.3949,0.4208,0.3681,0.4539,0.3233,0.4706,0.2725,0.4599,0.2483,0.4257,0.2738,0.3912,0.3245,0.3783,0.3728,0.3855,0.7503,0.4215,0.7261,0.4586,0.6728,0.4705,0.6243,0.4546,0.6057,0.4175,0.6238,0.3927,0.6784,0.3748,0.7262,0.3879,0.3868,0.6479,0.417,0.6585,0.4475,0.6664,0.4788,0.6733,0.5156,0.6678,0.5447,0.6605,0.5807,0.6534,0.6168,0.6512,0.5,0.6176,0.5,0.6216,0.5,0.6231,0.5,0.6274,0.5,0.636,0.5,0.6354,0.5,0.6435,0.5,0.6441
0052,0.2328,0.0647,0.1869,-0.0361,0.2262,-0.0319,0.3099,0.0573,0.3474,0.158,0.3069,0.1503,0.3069,0.1503,0.3069,0.1503,0.6864,0.0419,0.7757,-0.0344,0.8095,-0.0324,0.7731,0.0639,0.6958,0.1441,0.6621,0.1472,0.6621,0.1472,0.6621,0.1472,0.3961,0.4205,0.372,0.4553,0.3243,0.4702,0.2737,0.4496,0.2526,0.4242,0.2736,0.388,0.3271,0.3729,0.3694,0.3883,0.7447,0.419,0.725,0.4565,0.6758,0.4696,0.6314,0.454,0.6063,0.4204,0.6236,0.387,0.6744,0.3761,0.7324,0.3866,0.3816,0.6522,0.4175,0.6475,0.4535,0.6341,0.4763,0.6341,0.52,0.631,0.5414,0.6429,0.5844,0.6436,0.6143,0.6495,0.5,0.6174,0.5,0.62,0.5,0.6259,0.5,0.6239,0.5,0.6313,0.5,0.6347,0.5,0.6402,0.5,0.6436
0053,0.2157,0.0576,0.1908,-0.023,0.2237,-0.032,0.2941,0.0433,0.3487,0.1484,0.3116,0.1404,0.3116,0.1404,0.3116,0.1404,0.6984,0.0682,0.7759,-0.0322,0.8126,-0.0431,0.7814,0.0537,0.6983,0.1393,0.6493,0.1568,0.6493,0.1568,0.6493,0.1568,0.3935,0.4261,0.3737,0.4496,0.3268,0.467,0.2765,0.4551,0.2494,0.4224,0.2809,0.3902,0.3241,0.3782,0.3746,0.3893,0.7429,0.4226,0.7285,0.4526,0.68,0.4685,0.6235,0.4579,0.6046,0.4241,0.6252,0.3886,0.6772,0.3759,0.7197,0.3854,0.3855,0.6481,0.4148,0.6512,0.4466,0.6559,0.483,0.6668,0.5139,0.6683,0.5513,0.668,0.5793,0.6585,0.62,0.6462,0.5,0.6175,0.5,0.6203,0.5,0.6253,0.5,0.6316,0.5,0.6339,0.5,0.6376,0.5,0.6399,0.5,0.6419
0054,0.2336,0.0483,0.1813,-0.0331,0.2208,-0.0385,0.3022,0.0493,0.338,0.1526,0.297,0.1391,0.297,0.1391,0.297,0.1391,0.6916,0.0616,0.7723,-0.0366,0.8128,-0.0441,0.7763,0.0595,0.6929,0.1543,0.6496,0.155,0.6496,0.155,0.6496,0.155,0.395,0.4209,0.3739,0.4547,0.3278,0.4656,0.2723,0.4581,0.2522,0.4245,0.2795,0.3876,0.3262,0.3716,0.3761,0.3893,0.7475,0.42,0.7206,0.4565,0.6697,0.4678,0.6288,0.4556,0.6112,0.4249,0.6241,0.3888,0.6756,0.3704,0.7227,0.3871,0.3768,0.6525,0.4156,0.6419,0.451,0.6433,0.4839,0.6347,0.5185,0.6376,0.5511,0.6388,0.5845,0.6503,0.6154,0.6585,0.5,0.6163,0.5,0.6212,0.5,0.6238,0.5,0.6293,0.5,0.6298,0.5,0.6358,0.5,0.6387,0.5,0.6448
0055,0.2303,0.0434,0.1995,-0.0321,0.222,-0.0329,0.3057,0.0534,0.3449,0.1449,0.3023,0.1444,0.3023,0.1444,0.3023,0.1444,0.6869,0.0581,0.7769,-0.0308,0.8173,-0.032,0.7703,0.0622,0.6874,0.1432,0.6506,0.1548,0.6506,0.1548,0.6506,0.1548,0.3973,0.4233,0.3771,0.4524,0.3252,0.4684,0.277,0.4547,0.2528,0.4235,0.2771,0.3868,0.324,0.3719,0.3666,0.3893,0.7479,0.4226,0.7198,0.454,0.6693,0.4728,0.6229,0.4587,0.6082,0.4192,0.6227,0.3898,0.6733,0.3753,0.7241,0.3835,0.3763,0.6491,0.4146,0.6535,0.4518,0.6653,0.4825,0.6675,0.5182,0.6646,0.5509,0.6634,0.5857,0.6495,0.615,0.6459,0.5,0.6174,0.5,0.6219,0.5,0.6276,0.5,0.628,0.5,0.6319,0.5,0.6387,0.5,0.6411,0.5,0.6468
0056,0.2198,0.0495,0.1784,-0.03,0.2335,-0.023,0.3096,0.0641,0.3404,0.1417,0.3097,0.1509,0.3097,0.1509,0.3097,0.1509,0.6959,0.0596,0.7753,-0.0263,0.8201,-0.0307,0.7784,0.0603,0.6926,0.1529,0.6481,0.1546,0.6481,0.1546,0.6481,0.1546,0.391,0.4227,0.3715,0.4566,0.3241,0.4641,0.2757,0.4533,0.2565,0.4219,0.2757,0.3859,0.3225,0.3737,0.3764,0.3936,0.7437,0.425,0.7191,0.4515,0.673,0.4648,0.6214,0.4562,0.6048,0.423,0.6281,0.3895,0.6777,0.3748,0.722,0.3918,0.3811,0.6496,0.4158,0.6441,0.4486,0.6422,0.4843,0.633,0.5153,0.6388,0.5517,0.6473,0.5872,0.6501,0.6131,0.6546,0.5,0.6171,0.5,0.6201,0.5,0.6253,0.5,0.6306,0.5,0.6337,0.5,0.6352,0.5,0.6419,0.5,0.6434
0057,0.2248,0.056,0.192,-0.0399,0.238,-0.0445,0.3012,0.0595,0.3472,0.1478,0.3044,0.1508,0.3044,0.1508,0.3044,0.1508,0.694,0.0655,0.7784,-0.0287,0.8068,-0.0343,0.7717,0.0514,0.6974,0.1453,0.6601,0.1422,0.6601,0.1422,0.6601,0.1422,0.3996,0.4192,0.3746,0.4573,0.3225,0.4712,0.2709,0.4593,0.2539,0.4201,0.2736,0.3911,0.3225,0.3728,0.3733,0.3853,0.7514,0.4202,0.7279,0.4556,0.6729,0.4687,0.6284,0.4545,0.609,0.4249,0.6288,0.3874,0.6726,0.3732,0.7261,0.3903,0.3765,0.6484,0.4168,0.6543,0.4536,0.6631,0.4871,0.6679,0.5195,0.6733,0.5541,0.6586,0.583,0.6541,0.6186,0.6504,0.5,0.6157,0.5,0.6212,0.5,0.6214,0.5,0.6314,0.5,0.6319,0.5,0.6368,0.5,0.6401,0.5,0.6465
0058,0.2265,0.0567,0.1848,-0.0237,0.2214,-0.0293,0.3068,0.0647,0.3398,0.1441,0.3111,0.1509,0.3111,0.1509,0.3111,0.1509,0.6863,0.0541,0.7757,-0.0289,0.8085,-0.0509,0.7765,0.0501,0.6835,0.1318,0.661,0.1492,0.661,0.1492,0.661,0.1492,0.3939,0.4259,0.3758,0.4598,0.3201,0.4686,0.2698,0.4543,0.2532,0.4237,0.2746,0.3906,0.3263,0.3813,0.373,0.386,0.7468,0.4195,0.7298,0.4542,0.6741,0.4674,0.6282,0.4546,0.6036,0.4268,0.6236,0.3888,0.6777,0.3702,0.7269,0.3856,0.3852,0.6495,0.4183,0.65,0.4523,0.6419,0.4826,0.6339,0.5211,0.6336,0.5472,0.6431,0.5814,0.644,0.613,0.6509,0.5,0.617,0.5,0.6215,0.5,0.6267,0.5,0.6298,0.5,0.6325,0.5,0.6364,0.5,0.6415,0.5,0.6468
0059,0.2238,0.0515,0.179,-0.03,0.2299,-0.0305,0.3039,0.0655,0.3409,0.154,0.3045,0.1449,0.3045,0.1449,0.3045,0.1449,0.6988,0.0597,0.7755,-0.0334,0.8123,-0.0199,0.7804,0.0615,0.696,0.1543,0.6593,0.1486,0.6593,0.1486,0.6593,0.1486,0.3936,0.4216,0.3646,0.4556,0.3228,0.4734,0.2746,0.4515,0.2538,0.4188,0.2759,0.3896,0.327,0.3727,0.374,0.3847,0.7481,0.4234,0.727,0.455,0.677,0.4735,0.6252,0.4554,0.6023,0.4193,0.6263,0.392,0.675,0.3743,0.7243,0.3872,0.3837,0.6441,0.42,0.6532,0.4519,0.6581,0.4852,0.6705,0.5179,0.6656,0.551,0.6584,0.583,0.6581,0.6195,0.6485,0.5,0.6155,0.5,0.6222,0.5,0.625,0.5,0.6248,0.5,0.6342,0.5,0.6367,0.5,0.6427,0.5,0.6426
0060,0.2282,0.059,0.1776,-0.0396,0.2427,-0.0356,0.309,0.0535,0.3315,0.1474,0.3031,0.1461,0.3031,0.1461,0.3031,0.1461,0.6946,0.0588,0.7726,-0.0413,0.8153,-0.0453,0.7614,0.0616,0.6983,0.1481,0.6481,0.1443,0.6481,0.1443,0.6481,0.1443,0.3938,0.4172,0.3718,0.4569,0.3284,0.4675,0.2767,0.4494,0.2558,0.4195,0.2754,0.388,0.3281,0.3724,0.3758,0.3879,0.7456,0.4213,0.723,0.455,0.6756,0.4695,0.6263,0.4574,0.6082,0.4188,0.6286,0.3853,0.6775,0.3768,0.7199,0.389,0.3814,0.6501,0.4203,0.6448,0.4474,0.6414,0.4853,0.6352,0.5202,0.6372,0.5438,0.6396,0.5821,0.6482,0.6095,0.6598,0.5,0.6181,0.5,0.6214,0.5,0.6271,0.5,0.633,0.5,0.6343,0.5,0.6384,0.5,0.6409,0.5,0.6443
